model_no_aug,CID,Formula,original_SMILES,prediction_std_no_aug,prediction_range_no_aug,mean_abs_variant_delta_no_aug,max_abs_variant_delta_no_aug,model_aug,prediction_std_aug,prediction_range_aug,mean_abs_variant_delta_aug,max_abs_variant_delta_aug,std_reduction_aug_vs_no_aug,range_reduction_aug_vs_no_aug
No Aug + Two-stage,59091021,BH2O2Rb,[B-](O)O.[Rb+],0.14670300483703613,0.29340600967407227,0.14670300483703613,0.29340600967407227,Aug + Two-stage,0.028014540672302246,0.05602908134460449,0.028014540672302246,0.05602908134460449,0.11868846416473389,0.23737692832946777
No Aug + Two-stage,59673869,C2H4NRb,C[C-]=N.[Rb+],0.18812085334204093,0.4777500629425049,0.16279125213623047,0.4369328022003174,Aug + Two-stage,0.12448873967095643,0.32602953910827637,0.11368036270141602,0.20366787910461426,0.0636321136710845,0.15172052383422852
No Aug + Two-stage,153488305,BFNa,[B-]F.[Na+],0.17584443092346191,0.35168886184692383,0.17584443092346191,0.35168886184692383,Aug + Two-stage,0.11680221557617188,0.23360443115234375,0.11680221557617188,0.23360443115234375,0.05904221534729004,0.11808443069458008
No Aug + Two-stage,161111143,BClH3Na,[BH3-]Cl.[Na+],0.09821176528930664,0.19642353057861328,0.09821176528930664,0.19642353057861328,Aug + Two-stage,0.05151486396789551,0.10302972793579102,0.05151486396789551,0.10302972793579102,0.04669690132141113,0.09339380264282227
No Aug + Two-stage,58604523,C2H6NRb,C[CH-]N.[Rb+],0.11290815017508775,0.29842543601989746,0.07980376482009888,0.23865199089050293,Aug + Two-stage,0.06948112115150043,0.17428016662597656,0.0944179892539978,0.17428016662597656,0.04342702902358732,0.1241452693939209
No Aug + Two-stage,140455213,ILiO,[Li+].[O-]I,0.07062947750091553,0.14125895500183105,0.07062947750091553,0.14125895500183105,Aug + Two-stage,0.031063199043273926,0.06212639808654785,0.031063199043273926,0.06212639808654785,0.0395662784576416,0.0791325569152832
No Aug + Two-stage,158336150,C2H4IK,C[CH-]I.[K+],0.18509398446096925,0.5184040069580078,0.13359326124191284,0.31758761405944824,Aug + Two-stage,0.14857972819546686,0.36304569244384766,0.14245164394378662,0.31695985794067383,0.03651425626550239,0.15535831451416016
No Aug + Two-stage,19607366,C2BrLi,[Li+].[C-]#CBr,0.13541312288125087,0.35892605781555176,0.13761630058288574,0.22908592224121094,Aug + Two-stage,0.10281655170402888,0.321941614151001,0.07323002815246582,0.16836953163146973,0.03259657117722199,0.03698444366455078
No Aug + Two-stage,129646904,CH3N2Na,[C-](=N)N.[Na+],0.08115124075476024,0.22624683380126953,0.059605538845062256,0.14517569541931152,Aug + Two-stage,0.04993727539173105,0.1380760669708252,0.038506388664245605,0.07881808280944824,0.031213965363029193,0.08817076683044434
No Aug + Two-stage,129740401,Cl2IK,Cl[I-]Cl.[K+],0.03776884078979492,0.07553768157958984,0.03776884078979492,0.07553768157958984,Aug + Two-stage,0.009717106819152832,0.019434213638305664,0.009717106819152832,0.019434213638305664,0.02805173397064209,0.05610346794128418
No Aug + Two-stage,157489353,C2HLiO,[Li+].C#C[O-],0.0669753062035684,0.20368742942810059,0.0821458339691162,0.20368742942810059,Aug + Two-stage,0.03898688269608169,0.11541914939880371,0.028506946563720704,0.07697248458862305,0.027988423507486704,0.08826828002929688
No Aug + Two-stage,161449774,HN2NaO,[NH-]N=O.[Na+],0.08846857117530248,0.23385953903198242,0.10745358467102051,0.23385953903198242,Aug + Two-stage,0.06072835508143065,0.1502230167388916,0.10282266139984131,0.1502230167388916,0.027740216093871825,0.08363652229309082
No Aug + Two-stage,140354489,CHF2Li,[Li+].[CH-](F)F,0.05683365646809842,0.13921022415161133,0.04640340805053711,0.07042694091796875,Aug + Two-stage,0.03139405248216001,0.07521176338195801,0.042231082916259766,0.07521176338195801,0.025439603985938405,0.06399846076965332
No Aug + Two-stage,101615927,C2H2NNa,C=C=[N-].[Na+],0.03328741217952183,0.09062743186950684,0.028954267501831055,0.06078648567199707,Aug + Two-stage,0.011311168334295374,0.030617952346801758,0.008878648281097412,0.018433094024658203,0.021976243845226458,0.06000947952270508
No Aug + Two-stage,129657746,C2H4LiN,[Li+].C1[CH-]N1,0.07741096241575685,0.21674895286560059,0.10356320653642927,0.19722223281860352,Aug + Two-stage,0.05776910849493082,0.1651599407196045,0.05207334245954241,0.1442575454711914,0.019641853920826027,0.051589012145996094
No Aug + Two-stage,85850053,C2H2BrLi,[Li+].C=[C-]Br,0.09297070970105502,0.2930002212524414,0.06349916458129883,0.151686429977417,Aug + Two-stage,0.07619976459988698,0.22722697257995605,0.049909353256225586,0.1619739532470703,0.01677094510116804,0.06577324867248535
No Aug + Two-stage,58825830,C3H6Rb,C[CH][CH2-].[Rb+],0.10455684728734038,0.28176045417785645,0.09258776903152466,0.17469167709350586,Aug + Two-stage,0.08945316854144536,0.2508432865142822,0.06281471252441406,0.14858508110046387,0.015103678745895022,0.03091716766357422
No Aug + Two-stage,101754802,C2HKN-,C#C[N-].[K],0.023423199759482014,0.05321359634399414,0.026676416397094727,0.05321359634399414,Aug + Two-stage,0.013833077401734574,0.0375516414642334,0.011962950229644775,0.026628971099853516,0.00959012235774744,0.015661954879760742
No Aug + Two-stage,11829362,CHCl2Li,[Li+].[CH-](Cl)Cl,0.031402882587420244,0.0717630386352539,0.04387585322062174,0.0717630386352539,Aug + Two-stage,0.022620913455696442,0.053949832916259766,0.030622402826944988,0.053949832916259766,0.008781969131723803,0.01781320571899414
No Aug + Two-stage,13351303,CH3LiO,[Li+].[CH2-]O,0.0714188111784712,0.17450642585754395,0.08370137214660645,0.17450642585754395,Aug + Two-stage,0.06268000014905906,0.13535618782043457,0.046758810679117836,0.13535618782043457,0.008738811029412138,0.039150238037109375
No Aug + Two-stage,20829522,BI2K,[B][I-]I.[K+],0.06157770444544659,0.1415097713470459,0.06065833568572998,0.11485457420349121,Aug + Two-stage,0.059902381791283925,0.15388989448547363,0.05374866724014282,0.13289880752563477,0.0016753226541626684,-0.012380123138427734
No Aug + Two-stage,23670955,CH2BrNaO,C([O-])Br.[Na+],0.09048624588693177,0.238539457321167,0.07909393310546875,0.12253308296203613,Aug + Two-stage,0.08962140108947546,0.21745991706848145,0.06334418058395386,0.21745991706848145,0.0008648447974563128,0.021079540252685547
No Aug + Two-stage,23686678,Br2ClRb,Cl[Br-]Br.[Rb+],0.0,0.0,0.0,0.0,Aug + Two-stage,0.0,0.0,0.0,0.0,0.0,0.0
No Aug + Two-stage,158491745,Br3K,[K+].Br[Br-]Br,0.0,0.0,0.0,0.0,Aug + Two-stage,0.0,0.0,0.0,0.0,0.0,0.0
No Aug + Two-stage,140553376,CH2NNaO,C(=O)[NH-].[Na+],0.10401570873159045,0.28772854804992676,0.07937127351760864,0.19669628143310547,Aug + Two-stage,0.10470032533877266,0.26175856590270996,0.07808631658554077,0.24733376502990723,-0.0006846166071822063,0.025969982147216797
No Aug + Two-stage,139116698,BH5NNa,[BH3-]N.[Na+],0.007603764533996582,0.015207529067993164,0.007603764533996582,0.015207529067993164,Aug + Two-stage,0.011291027069091797,0.022582054138183594,0.011291027069091797,0.022582054138183594,-0.003687262535095215,-0.00737452507019043
No Aug + Two-stage,154169190,KNO,[N-]=O.[K+],0.10865062760830865,0.2551867961883545,0.10578083992004395,0.2551867961883545,Aug + Two-stage,0.11256888288319881,0.2746284008026123,0.14444255828857422,0.2746284008026123,-0.003918255274890162,-0.019441604614257812
No Aug + Two-stage,23665760,ClNaO,[O-]Cl.[Na+],0.07916926164460796,0.18309807777404785,0.10999202728271484,0.18309807777404785,Aug + Two-stage,0.08688154395001005,0.21257615089416504,0.10337551434834798,0.21257615089416504,-0.007712282305402093,-0.029478073120117188
No Aug + Two-stage,86144840,C2H2LiN,[Li+].[C-]#CN,0.06862694293883732,0.20651507377624512,0.12725286483764647,0.20651507377624512,Aug + Two-stage,0.08035345848556992,0.20592594146728516,0.06717662811279297,0.16317009925842285,-0.011726515546732597,0.0005891323089599609
No Aug + Two-stage,14925096,C2ILi,[Li+].[C-]#CI,0.08920418506614902,0.2595686912536621,0.11000022888183594,0.2595686912536621,Aug + Two-stage,0.10852133315419463,0.28344202041625977,0.0948214054107666,0.1688086986541748,-0.019317148088045605,-0.023873329162597656
No Aug + Two-stage,71368517,C2H3LiO,[Li+].[CH-]=CO,0.03678210198850976,0.09554004669189453,0.02487626075744629,0.0796048641204834,Aug + Two-stage,0.07118884585351933,0.21067237854003906,0.06086850166320801,0.16277599334716797,-0.03440674386500957,-0.11513233184814453
No Aug + Two-stage,131664061,CBNNa,[B]=C=[N-].[Na+],0.05150537833638082,0.1346595287322998,0.03635197877883911,0.10051536560058594,Aug + Two-stage,0.08732362667200715,0.2382371425628662,0.07457482814788818,0.13127613067626953,-0.03581824833562632,-0.1035776138305664
