CID,Formula,SMILES,MW,HBA,HBD,TPSA,Heavy_Atoms,Complexity,Energy_AB,Energy_8H,Energy_min,Energy_avg,Energy_diff,split
135046281,C2H2ClLi,[Li+].[CH-]=CCl,68.5,1,0,0.0,4,13.5,-2.7302012468,-2.727115942,-2.7302012468,-2.7286585944,0.0030853047999999,train
71368517,C2H3LiO,[Li+].[CH-]=CO,50.0,2,1,20.2,4,13.5,-2.8907181835,-2.8886230525000003,-2.8907181835,-2.889670618,0.0020951309999999,test
11051568,CNNaO,C(=[N-])=O.[Na+],65.007,2,0,18.1,4,31.0,-2.6935241393,-2.6927271748,-2.6935241393,-2.69312565705,0.0007969645000001,train
23618828,KNO2-,N(=O)[O-].[K],85.104,3,0,52.5,4,7.5,-2.6031515662,-2.6025470716,-2.6031515662,-2.6028493189,0.0006044945999996,train
140584049,CH4NNaO,C[N-]O.[Na+],69.039,2,1,21.2,4,8.0,-2.9296757085,-2.9352677268000003,-2.9352677268000003,-2.9324717176500004,0.0055920183000002,train
157173515,CsIO2,[O-]I=O.[Cs+],291.809,2,0,40.1,4,13.5,-2.462228422,-2.4632410902,-2.4632410902,-2.4627347561,0.0010126682,train
105053,I3K,[K+].I[I-]I,419.8117,1,0,0.0,4,3.2,-2.3111067754000003,-2.311156169,-2.311156169,-2.3111314722,4.93935999994477e-05,train
58619450,CH2NORb,[CH-]=NO.[Rb+],129.501,3,1,32.6,4,15.5,-2.7984199475,-2.7815527426,-2.7984199475,-2.78998634505,0.0168672049,val
101218269,CKO2,[C](=O)[O-].[K+],83.108,2,0,40.1,4,13.5,-2.6581043817,-2.6542166087,-2.6581043817,-2.6561604952,0.0038877730000002,val
140816890,C2H4ClNa,[CH2-]CCl.[Na+],86.49,1,0,0.0,4,6.0,-2.8865282965,-2.8870773908,-2.8870773908,-2.88680284365,0.0005490943000001,train
162454502,C3HLi,[Li+].[CH]C#[C-],44.0,1,0,0.0,4,29.8,-2.7223320951,-2.7151571498,-2.7223320951,-2.71874462245,0.0071749453,train
10964394,C2HK,C#[C-].[K+],64.13,1,0,0.0,3,10.8,-2.5866593724,-2.5864169773,-2.5866593724,-2.5865381748500003,0.0002423951000003,train
58114169,BFKN,[B][N-]F.[K+],82.92,2,0,1.0,4,8.0,-2.5527406358,-2.5410230402,-2.5527406358,-2.546881838,0.0117175955999999,train
57847394,CH3BNa,[B-]C.[Na+],48.84,1,0,0.0,3,4.8,-2.6938189654,-2.6848038125,-2.6938189654,-2.68931138895,0.0090151529000004,val
58825830,C3H6Rb,C[CH][CH2-].[Rb+],127.55,1,0,0.0,4,3.2,-3.1628836396000004,-3.1439917089,-3.1628836396000004,-3.15343767425,0.0188919307000006,test
71417849,C2H4LiN,[Li+].[CH-]=CN,49.0,2,1,26.0,4,13.5,-2.9928212948,-2.9926658526,-2.9928212948,-2.9927435737,0.0001554421999996,train
129657743,C2H3BLi,[Li+].[B]1C[CH-]1,44.8,1,0,0.0,4,15.5,-2.8512756944,-2.8478707024,-2.8512756944,-2.8495731984,0.0034049920000001,train
10290740,KN3,[N-]=[N+]=[N-].[K+],81.119,2,0,3.0,4,15.5,-2.6765235779,-2.6758670983000004,-2.6765235779,-2.6761953381000003,0.0006564795999994,val
59783154,HINNaO,[N-](O)I.[Na+],180.908,2,1,21.2,4,8.0,-2.561226044,-2.5606913142,-2.561226044,-2.5609586791,0.0005347298,train
156621432,B2HLiO,[Li+].[B][B-]O,45.6,2,1,20.2,4,6.0,-2.623673414,-2.6360463985,-2.6360463985,-2.62985990625,0.0123729845000002,train
59673869,C2H4NRb,C[C-]=N.[Rb+],127.53,2,1,23.9,4,13.5,-2.9892738637000003,-2.9878440754,-2.9892738637000003,-2.98855896955,0.0014297883000002,test
86144840,C2H2LiN,[Li+].[C-]#CN,47.0,2,1,26.0,4,32.5,-2.8328876083,-2.8328915686,-2.8328915686,-2.83288958845,3.960299999938854e-06,test
101021057,CH4LiN2-,[Li].[C-](N)N,51.0,3,2,52.0,4,2.8,-2.9995307826,-2.9905716332,-2.9995307826,-2.9950512079,0.0089591494000003,train
102460855,CH5LiN2,[Li+].C(N)[NH-],52.0,2,2,27.0,4,6.0,-3.0760814203,-3.0640642229000004,-3.0760814203,-3.0700728216,0.0120171973999996,train
12460342,CHLiN2,[Li+].[CH-]=[N+]=[N-],48.0,2,0,2.0,4,29.0,-2.7444979245,-2.7446084423,-2.7446084423,-2.7445531834,0.0001105178,train
13351308,C2H5Na,C[CH2-].[Na+],52.05,1,0,0.0,3,2.8,-2.9139792019,-2.9126926506,-2.9139792019,-2.91333592625,0.0012865512999997,train
58153045,C2H4KN,CN=[CH-].[K+],81.16,2,0,12.4,4,13.5,-2.976632636,-2.9787112302,-2.9787112302,-2.9776719331,0.0020785942000003,train
167376163,CH3BNNa,B(=[N-])C.[Na+],62.84,1,0,1.0,4,15.5,-2.9015304259,-2.9048120269,-2.9048120269,-2.9031712264,0.0032816009999998,train
140587702,CH2NRb,C=[N-].[Rb+],113.501,1,0,1.0,3,4.8,-2.6718209457,-2.670677063,-2.6718209457,-2.67124900435,0.0011438827,train
12368256,C2H4LiN,[Li+].C1C[N-]1,49.0,1,0,1.0,4,13.5,-2.9887771647,-2.9875292862,-2.9887771647,-2.98815322545,0.0012478785000005,train
140361553,BrORb,[O-]Br.[Rb+],181.37,1,0,23.1,3,4.8,-2.3529604749,-2.3537624468,-2.3537624468,-2.3533614608500004,0.0008019719,train
129710093,CHB2Li,[Li+].[B][CH-][B],41.6,1,0,0.0,4,6.0,-2.6371148645,-2.6410718543,-2.6410718543,-2.6390933594000003,0.0039569898000002,train
162781858,HNaO3,OO[O-].[Na+],71.996,3,1,52.5,4,3.2,-2.601324234,-2.5982604807,-2.601324234,-2.59979235735,0.0030637532999997,train
59341893,CH5BNNa,[B-](C)N.[Na+],64.86,2,1,26.0,4,8.0,-3.0474237024,-3.0458680807,-3.0474237024,-3.04664589155,0.0015556217000001,train
13005318,CHN2Na,C(=N)=[N-].[Na+],64.022,2,1,24.9,4,29.0,-2.7839364828,-2.7852999294,-2.7852999294,-2.7846182061,0.0013634466,val
11815827,CH2BrLi,[Li+].[CH2-]Br,100.9,1,0,0.0,3,4.8,-2.5478991869,-2.5389618214,-2.5478991869,-2.54343050415,0.0089373655,train
23680483,CHNaO2,C(=O)[O-].[Na+],67.997,2,0,40.1,4,13.5,-2.7456015842,-2.745873035,-2.745873035,-2.7457373096,0.0002714508000001,train
13351303,CH3LiO,[Li+].[CH2-]O,38.0,2,1,20.2,3,4.8,-2.7146806826,-2.7131352864,-2.7146806826,-2.7139079845,0.0015453962,test
59854993,C2H4KN,CC=[N-].[K+],81.16,1,0,1.0,4,13.5,-3.0098133668000004,-3.0101687655,-3.0101687655,-3.0099910661500004,0.0003553986999995,train
140647104,H2LiNO2,[Li+].N(O)[O-],55.0,3,2,55.3,4,6.0,-2.7406039408,-2.739491675,-2.7406039408,-2.7400478079,0.0011122657999997,train
129875527,C2H4LiN,[Li+].C=C[NH-],49.0,1,1,1.0,4,13.5,-3.0050414416,-3.0063983795,-3.0063983795,-3.00571991055,0.0013569379000002,train
58627710,BKN,[B]=[N-].[K+],63.92,1,0,1.0,3,4.8,-2.4553761895,-2.4506812883,-2.4553761895,-2.4530287389,0.0046949011999997,train
100982396,C2H3LiN-,[Li].[CH]=C[NH-],48.0,1,1,1.0,4,10.3,-2.9060622562,-2.896195006,-2.9060622562,-2.9011286311,0.0098672502000001,train
160408535,CH2NNaO,C=N[O-].[Na+],67.023,2,0,35.4,4,15.5,-2.7993502897,-2.8009349022,-2.8009349022,-2.80014259595,0.0015846124999998,train
159330689,BH3INa,[BH3-]I.[Na+],163.73,1,0,0.0,3,4.8,-2.5872175491,-2.5872621428,-2.5872621428,-2.58723984595,4.459370000020613e-05,train
101843487,C2H3CsO,C=C[O-].[Cs+],175.95,1,0,23.1,4,13.5,-2.9121391126,-2.912541625,-2.912541625,-2.9123403688,0.0004025124000004,train
11366948,CKNO,[C-]#[N+][O-].[K+],81.115,2,0,30.7,4,34.5,-2.6362991143,-2.635601954,-2.6362991143,-2.63595053415,0.0006971602999996,train
58997489,CH2BLi,[Li+].[B][CH2-],31.8,1,0,0.0,3,4.8,-2.6158991087,-2.6088128701,-2.6158991087,-2.6123559894,0.0070862385999999,train
158336150,C2H4IK,C[CH-]I.[K+],194.06,1,0,0.0,4,6.0,-2.8674050522,-2.8648922753,-2.8674050522,-2.86614866375,0.0025127769000001,test
142418848,CH3CsO2,C(O)[O-].[Cs+],179.939,2,1,43.3,4,6.0,-2.8762992902000004,-2.876939528,-2.876939528,-2.8766194091,0.0006402377999994,val
22900039,CH3LiO2,[Li+].[CH2-]OO,54.0,3,1,29.5,4,6.0,-2.8711709537,-2.8772450377000003,-2.8772450377000003,-2.8742079957,0.0060740840000002,val
153059879,C2H4BK,[B]C[CH2-].[K+],77.96,1,0,0.0,4,6.0,-2.9373169122,-2.9214245247000004,-2.9373169122,-2.9293707184500004,0.0158923874999996,train
158491745,Br3K,[K+].Br[Br-]Br,278.81,1,0,0.0,4,3.2,-2.3354953428,-2.3327921313,-2.3354953428,-2.33414373705,0.0027032115,test
23677314,CCsN,[C-]#N.[Cs+],158.923,2,0,23.8,3,12.8,-2.5330793219,-2.5318858678,-2.5330793219,-2.5324825948500003,0.0011934540999996,val
13215277,CHI2Li,[Li+].[CH-](I)I,273.8,1,0,0.0,4,6.0,-2.4728231867,-2.4757370329,-2.4757370329,-2.4742801098,0.0029138462000002,val
12605453,CH4LiN,[Li+].C[NH-],37.0,1,1,1.0,3,4.8,-2.8204843621,-2.8379876545,-2.8379876545,-2.8292360083,0.0175032924000002,train
11052230,CHBr2Li,[Li+].[CH-](Br)Br,179.8,1,0,0.0,4,6.0,-2.5043197149,-2.4906793988,-2.5043197149,-2.49749955685,0.0136403160999996,train
85850053,C2H2BrLi,[Li+].C=[C-]Br,112.9,1,0,0.0,4,13.5,-2.7155063289,-2.7141023251000003,-2.7155063289,-2.714804327,0.0014040037999993,test
129740401,Cl2IK,Cl[I-]Cl.[K+],236.91,1,0,0.0,4,6.0,-2.3511685877,-2.3497508823,-2.3511685877,-2.3504597350000003,0.0014177054000001,test
13358634,C2H4BrLi,[Li+].[CH2-]CBr,114.9,1,0,0.0,4,6.0,-2.8972897608,-2.9019278709000003,-2.9019278709000003,-2.89960881585,0.0046381101000001,val
12585694,C3H3Li,[Li+].C=C=[CH-],46.0,1,0,0.0,4,26.3,-2.9153836465,-2.9182831624,-2.9182831624,-2.91683340445,0.0028995158999998,train
11018800,C3H3Na,CC#[C-].[Na+],62.05,1,0,0.0,4,29.8,-2.9201696058,-2.9206316273,-2.9206316273,-2.92040061655,0.0004620214999997,train
58676901,CHBNNa,[B][C-]=N.[Na+],60.83,2,1,23.9,4,15.5,-2.6941603502,-2.6865979409,-2.6941603502,-2.69037914555,0.0075624092999997,train
59522958,Cl2CsF,F[Cl-]Cl.[Cs+],222.81,2,0,0.0,4,6.0,-2.3922054658,-2.39395133,-2.39395133,-2.3930783979,0.0017458641999996,val
23696324,C2H6KN,C[N-]C.[K+],83.17,1,0,1.0,4,6.0,-3.1467530459,-3.1462688109,-3.1467530459,-3.1465109284,0.0004842350000004,train
162445248,C2H2NNa,C#C[NH-].[Na+],63.03,1,1,1.0,4,32.5,-2.8408958215,-2.8438573868,-2.8438573868,-2.84237660415,0.0029615652999996,train
160040791,ClHNNa,[NH-]Cl.[Na+],73.46,1,1,1.0,3,4.8,-2.4649591103,-2.4648724158,-2.4649591103,-2.46491576305,8.669450000020618e-05,train
23666607,C2H8BLi,[Li+].[BH2-](C)C,49.9,1,0,0.0,4,6.0,-3.2749204358,-3.2761600877,-3.2761600877,-3.27554026175,0.0012396519000001,train
169448209,CHClILi,[Li+].[CH-](Cl)I,182.3,1,0,0.0,4,8.0,-2.5029559365,-2.4986940803,-2.5029559365,-2.5008250084,0.0042618561999998,train
129678102,Br2IK,[K+].Br[I-]Br,325.81,1,0,0.0,4,6.0,-2.3298583382,-2.3310275735,-2.3310275735,-2.33044295585,0.0011692352999999,train
22495153,C3H7Na,C[CH-]C.[Na+],66.08,1,0,0.0,4,3.2,-3.2254492015,-3.238700594,-3.238700594,-3.23207489775,0.0132513924999999,train
19607366,C2BrLi,[Li+].[C-]#CBr,110.9,1,0,0.0,4,32.5,-2.5369850131,-2.5353114559,-2.5369850131,-2.5361482345,0.0016735572000001,test
21063311,H2KN3,NN=[N-].[K+],83.135,3,1,39.4,4,10.8,-2.8385952839,-2.8427588127,-2.8427588127,-2.8406770483,0.0041635288000003,val
153438311,B3Rb,[B][B-][B].[Rb+],117.9,1,0,0.0,4,3.2,-2.485889155,-2.4946615553,-2.4946615553,-2.49027535515,0.0087724002999998,train
139116698,BH5NNa,[BH3-]N.[Na+],52.85,2,1,26.0,3,4.8,-2.8679005033,-2.868740186,-2.868740186,-2.86832034465,0.0008396827000001,test
168737035,CHLiO,[Li+].[CH][O-],36.0,1,0,23.1,3,4.8,-2.5563185098,-2.5587626292,-2.5587626292,-2.5575405695,0.0024441193999997,train
23685604,CH4LiNO,[Li+].CO[NH-],53.0,2,1,10.2,4,8.0,-2.934843208,-2.9325721898,-2.934843208,-2.9337076989,0.0022710181999996,train
20820566,C2H2FLi,[Li+].C=[C-]F,52.0,2,0,0.0,4,13.5,-2.7589140201,-2.7587638872,-2.7589140201,-2.75883895365,0.0001501328999995,train
160055680,C2H8BNa,[BH3-]CC.[Na+],65.89,1,0,0.0,4,6.0,-3.2708419482,-3.2695409662,-3.2708419482,-3.2701914572,0.001300982,train
23670958,CH2INaO,C([O-])I.[Na+],179.92,1,0,23.1,4,8.0,-2.6992117392,-2.7001463825000003,-2.7001463825000003,-2.6996790608500003,0.0009346433000003,train
135048829,CH6BNaO,[BH3-]OC.[Na+],67.86,2,0,9.2,4,8.0,-3.088596912,-3.0841825519,-3.088596912,-3.08638973195,0.0044143600999997,val
21396528,C2H4FLi,[Li+].[CH2-]CF,54.0,2,0,0.0,4,6.0,-2.9450055924,-2.9421263602,-2.9450055924,-2.9435659763,0.0028792321999997,train
23694843,BrCl2Rb,Cl[Br-]Cl.[Rb+],236.27,1,0,0.0,4,6.0,-2.3527202286,-2.3508826887,-2.3527202286,-2.35180145865,0.0018375398999999,train
13351304,CH2FLi,[Li+].[CH2-]F,40.0,2,0,0.0,3,4.8,-2.5894977575,-2.5889159608,-2.5894977575,-2.58920685915,0.0005817967000001,val
160837484,C2FNa,[C-]#CF.[Na+],66.01,2,0,0.0,4,32.5,-2.5780987888,-2.5783080562,-2.5783080562,-2.5782034225,0.0002092673999998,train
13351302,CH4LiN,[Li+].[CH2-]N,37.0,2,1,26.0,3,4.8,-2.8251884553,-2.8251819859,-2.8251884553,-2.8251852206,6.469400000153058e-06,train
59187066,CH3BrINa,C[Br-]I.[Na+],244.83,1,0,0.0,4,8.0,-2.6796038777,-2.6759588021000003,-2.6796038777,-2.6777813399,0.0036450755999997,train
23670955,CH2BrNaO,C([O-])Br.[Na+],132.92,1,0,23.1,4,8.0,-2.7116627095,-2.7125137335,-2.7125137335,-2.7120882215,0.0008510239999997,test
161111143,BClH3Na,[BH3-]Cl.[Na+],72.28,1,0,0.0,3,4.8,-2.6127374866000004,-2.6123240309,-2.6127374866000004,-2.61253075875,0.0004134557000003,test
59894696,C2H6IK,C[I-]C.[K+],196.07,1,0,0.0,4,6.0,-3.0076440876,-3.0016879826,-3.0076440876,-3.0046660351,0.0059561049999996,val
23661847,C2H5LiO,[Li+].CC[O-],52.0,1,0,23.1,4,6.0,-3.0648618971,-3.0646732291000003,-3.0648618971,-3.0647675631,0.0001886679999998,train
129678136,C2H6KN,CC[NH-].[K+],83.17,1,1,1.0,4,6.0,-3.1575808724,-3.1494880313,-3.1575808724,-3.15353445185,0.0080928411000003,val
140455213,ILiO,[Li+].[O-]I,149.9,1,0,23.1,3,4.8,-2.3527019269,-2.3536924839,-2.3536924839,-2.3531972054,0.0009905569999997,test
22967321,FKO,[O-]F.[K+],74.096,2,0,23.1,3,4.8,-2.3645310413,-2.3857664259,-2.3857664259,-2.3751487336,0.0212353845999997,train
18727909,BF2Na,[B-](F)F.[Na+],71.8,3,0,0.0,4,6.0,-2.5327985087,-2.5309577307,-2.5327985087,-2.5318781197,0.001840778,train
11815407,CHBrClLi,[Li+].[CH-](Cl)Br,135.3,1,0,0.0,4,8.0,-2.5104584556,-2.509724597,-2.5104584556,-2.5100915263,0.0007338586000003,train
58529206,CH3IKN,C([NH-])I.[K+],195.044,1,1,1.0,4,8.0,-2.8055078261,-2.8042766457,-2.8055078261,-2.8048922359,0.0012311804,train
140659928,C2H6NNa,[CH2-]CN.[Na+],67.07,2,1,26.0,4,6.0,-3.1548837078000003,-3.1519759662,-3.1548837078000003,-3.153429837,0.0029077416,train
140440825,CH2FNaO,C([O-])F.[Na+],72.014,2,0,23.1,4,8.0,-2.7560247393,-2.7555378702,-2.7560247393,-2.75578130475,0.0004868690999999,train
20829522,BI2K,[B][I-]I.[K+],303.72,1,0,0.0,4,6.0,-2.3770663844,-2.3654847463,-2.3770663844,-2.37127556535,0.0115816381,test
11378442,CKNO,C(#N)[O-].[K+],81.115,2,0,46.9,4,34.5,-2.6934441075,-2.6925884102,-2.6934441075,-2.69301625885,0.0008556973,train
20587905,CBNNa,[B-]C#N.[Na+],59.82,2,0,23.8,4,34.5,-2.6266134276,-2.6168625593000003,-2.6266134276,-2.62173799345,0.0097508682999998,train
101754802,C2HKN-,C#C[N-].[K],78.13,1,0,1.0,4,29.3,-2.7530419759,-2.7492861208,-2.7530419759,-2.75116404835,0.0037558551,test
157489353,C2HLiO,[Li+].C#C[O-],48.0,1,0,23.1,4,32.5,-2.7486625278,-2.7476001116,-2.7486625278,-2.7481313197,0.0010624162000003,test
58841526,CH3FINa,C[I-]F.[Na+],183.927,2,0,0.0,4,8.0,-2.7292121424,-2.7315581865,-2.7315581865,-2.73038516445,0.0023460441000002,train
71417853,C2H2FNa,[CH-]=CF.[Na+],68.03,2,0,0.0,4,13.5,-2.7644386711,-2.7648102194,-2.7648102194,-2.76462444525,0.0003715483000004,train
59091021,BH2O2Rb,[B-](O)O.[Rb+],130.3,3,2,40.5,4,6.0,-2.7821422277,-2.7797664976,-2.7821422277,-2.78095436265,0.0023757301000002,test
59951885,CH2ORb,[CH2-][O].[Rb+],115.494,1,0,1.0,3,4.8,-2.6475055899,-2.6442893862,-2.6475055899,-2.64589748805,0.0032162037,val
166048945,BNaO,[B-]=O.[Na+],49.8,2,0,17.1,3,4.8,-2.5328187434,-2.4759343735,-2.5328187434,-2.50437655845,0.0568843699000001,train
171457097,H2NNaO2,[N-](O)O.[Na+],71.011,3,2,41.5,4,6.0,-2.7231306018,-2.7259015731,-2.7259015731,-2.72451608745,0.0027709712999999,train
140678060,C2H5KO,[CH2-]CO.[K+],84.16,2,1,20.2,4,6.0,-3.0480244611,-3.0453495667,-3.0480244611,-3.0466870139,0.0026748944000005,val
59815174,F2KN,[N-](F)F.[K+],91.102,3,0,1.0,4,6.0,-2.4628399063,-2.462691228,-2.4628399063,-2.46276556715,0.0001486783000004,train
71352770,C2H2ClLi,[Li+].C=[C-]Cl,68.5,1,0,0.0,4,13.5,-2.7270382052000004,-2.7261718014,-2.7270382052000004,-2.7266050033000004,0.0008664038000003,train
71335495,C2H3LiO,[Li+].C=[C-]O,50.0,2,1,20.2,4,13.5,-2.8910330171,-2.8925992177,-2.8925992177,-2.8918161174,0.0015662006000001,train
22944142,CHNaO,[CH-]=O.[Na+],52.008,2,0,17.1,3,4.8,-2.557667017,-2.5622407351,-2.5622407351,-2.55995387605,0.0045737180999996,train
23517219,CBKO,[B][C-]=O.[K+],77.92,2,0,17.1,4,15.5,-2.5892824905,-2.5908642532,-2.5908642532,-2.59007337185,0.0015817627000003,train
14925096,C2ILi,[Li+].[C-]#CI,157.9,1,0,0.0,4,32.5,-2.5307502664,-2.5318368435,-2.5318368435,-2.53129355495,0.0010865770999997,test
109374094,Cl3Na,[Na+].Cl[Cl-]Cl,129.34,1,0,0.0,4,3.2,-2.3538329555,-2.353075696,-2.3538329555,-2.35345432575,0.0007572595000002,train
129694264,CH3LiN2,[Li+].C=N[NH-],50.0,2,1,13.4,4,13.5,-2.9038952225,-2.9040717505,-2.9040717505,-2.9039834865,0.0001765279999998,train
21526826,HKO2,O[O-].[K+],72.105,2,1,43.3,3,2.8,-2.5034810673,-2.5032763858,-2.5034810673,-2.5033787265500003,0.0002046815,train
101558437,CH2NNaO,C(=N)[O-].[Na+],67.023,2,1,46.9,4,15.5,-2.8375691583000004,-2.8375851954,-2.8375851954,-2.83757717685,1.6037099999532956e-05,train
140553376,CH2NNaO,C(=O)[NH-].[Na+],67.023,2,1,18.1,4,15.5,-2.8376412438,-2.8378567113,-2.8378567113,-2.83774897755,0.0002154675000003,test
123308,BLiO2,[Li+].B(=O)[O-],49.8,2,0,40.1,4,13.5,-2.6670770204000003,-2.6668185211,-2.6670770204000003,-2.66694777075,0.0002584993000001,train
129737715,C2H2ILi,[Li+].C=[C-]I,159.9,1,0,0.0,4,13.5,-2.7051542385,-2.7033302762,-2.7051542385,-2.70424225735,0.0018239623,train
23697866,Br2ClNa,[Na+].[Cl-](Br)Br,218.25,1,0,0.0,4,6.0,-2.342713589,-2.3366783204,-2.342713589,-2.3396959547,0.0060352686000002,train
20744931,C2H3LiO,[Li+].[CH2-]C=O,50.0,2,0,17.1,4,13.5,-2.9112872141,-2.9100065051,-2.9112872141,-2.9106468596,0.0012807089999999,train
20745101,C2H4FLi,[Li+].C[CH-]F,54.0,2,0,0.0,4,6.0,-2.9065006913,-2.9054952281,-2.9065006913,-2.9059979597,0.0010054632000002,train
161759608,HLiN2,[Li+].N=[N-],36.0,2,1,24.9,3,2.8,-2.5792195985,-2.5805538314,-2.5805538314,-2.57988671495,0.0013342329000001,train
57823227,C2H3K,[CH2-][CH].[K+],66.14,1,0,0.0,3,2.8,-2.750192084,-2.7481250125,-2.750192084,-2.74915854825,0.0020670714999999,train
129657746,C2H4LiN,[Li+].C1[CH-]N1,49.0,2,1,21.9,4,15.5,-2.9678048660000003,-2.968361179,-2.968361179,-2.9680830225,0.0005563129999996,test
23686678,Br2ClRb,Cl[Br-]Br.[Rb+],280.73,1,0,0.0,4,6.0,-2.342958856,-2.3430704726,-2.3430704726,-2.3430146643,0.0001116165999999,test
12607731,C2ClLi,[Li+].[C-]#CCl,66.4,1,0,0.0,4,32.5,-2.5514425689,-2.5563571632,-2.5563571632,-2.55389986605,0.0049145942999997,val
10986147,C3H5Li,[Li+].[CH2-]C=C,48.0,1,0,0.0,4,10.8,-3.08493475,-3.085358359,-3.085358359,-3.0851465545,0.0004236089999998,train
129657214,CH2LiN,[Li+].[CH-]=N,35.0,2,1,23.9,3,4.8,-2.6535766368,-2.65479758,-2.65479758,-2.6541871083999995,0.0012209432000003,val
59780101,BIK,[B-]I.[K+],176.82,1,0,0.0,3,4.8,-2.3061369307,-2.3084109181,-2.3084109181,-2.3072739244,0.0022739873999997,val
22960788,CH3NaO2,CO[O-].[Na+],70.023,2,0,32.3,4,6.0,-2.8260873073,-2.8230997957,-2.8260873073,-2.8245935515,0.0029875115999997,train
102216787,CHLiO2,[Li+].C(=O)[O-],52.033,2,0,40.1,4,13.5,-2.7463369870000003,-2.7454280568,-2.7463369870000003,-2.7458825219000005,0.0009089302,train
139260950,BH2NNa,[B-]N.[Na+],49.83,2,1,26.0,3,4.8,-2.6145029091,-2.6171113647,-2.6171113647,-2.6158071369,0.0026084556000003,train
129708031,BrKO2,[O-]Br=O.[K+],151.0,2,0,40.1,4,13.5,-2.4336532303,-2.4419044089,-2.4419044089,-2.4377788196,0.0082511785999996,train
20829530,CH3I2K,C[I-]I.[K+],307.942,1,0,0.0,4,6.0,-2.6690183328,-2.6685709189,-2.6690183328,-2.66879462585,0.0004474138999999,train
23670957,CH2ClKO,C([O-])Cl.[K+],104.58,1,0,23.1,4,8.0,-2.7215319311000004,-2.7237574181000004,-2.7237574181000004,-2.7226446746000006,0.002225487,train
161103746,BHNNa,[BH-]#N.[Na+],48.82,2,0,23.8,3,12.8,-2.5646984249,-2.5649222474,-2.5649222474,-2.56481033615,0.0002238224999997,train
58273116,ClNaO2,[O-]OCl.[Na+],90.44,2,0,32.3,4,6.0,-2.4594772321,-2.4576906773,-2.4594772321,-2.4585839547,0.0017865547999997,train
11040616,C2H2LiN,[Li+].[CH2-][N+]#[C-],47.0,2,0,4.4,4,32.5,-2.8316561189,-2.8326410431,-2.8326410431,-2.832148581,0.0009849241999999,train
58482386,CClKO,[C-](=O)Cl.[K+],102.56,2,0,17.1,4,15.5,-2.5709551157,-2.5712090911,-2.5712090911,-2.5710821034,0.0002539754000001,train
129692527,ClO2Rb,[O-]Cl=O.[Rb+],152.92,2,0,40.1,4,13.5,-2.4479718605,-2.4462367129,-2.4479718605,-2.4471042867,0.0017351475999998,train
131710163,CH3BLiN,[Li+].[BH3-]C#N,46.8,2,0,23.8,4,34.5,-2.8912375303,-2.8898613039,-2.8912375303,-2.8905494171,0.0013762263999996,train
71330138,C2H2BLi,[Li+].[B-]1C=C1,43.8,1,0,0.0,4,29.0,-2.7776596489000003,-2.7585948009,-2.7776596489000003,-2.7681272249,0.0190648480000006,train
11768494,CH2ClLi,[Li+].[CH2-]Cl,56.4,1,0,0.0,3,4.8,-2.5603821642000004,-2.5599067835,-2.5603821642000004,-2.5601444738500003,0.0004753807000006,train
58604523,C2H6NRb,C[CH-]N.[Rb+],129.54,2,1,26.0,4,6.0,-3.1476333473,-2.3113516676,-3.1476333473,-2.72949250745,0.8362816796999999,test
14487815,C3H3Li,[Li+].[CH2-]C#C,46.0,1,0,0.0,4,29.8,-2.9146624863,-2.9180308983,-2.9180308983,-2.9163466923,0.0033684119999994,train
161449774,HN2NaO,[NH-]N=O.[Na+],68.011,3,1,30.4,4,13.5,-2.7109595580000003,-2.7093813311000003,-2.7109595580000003,-2.71017044455,0.0015782268999999,test
58040490,H3KN2O,N[N-]O.[K+],86.135,3,2,47.3,4,6.0,-2.8441341898,-2.8450319013,-2.8450319013,-2.8445830455500003,0.0008977114999999,train
160703337,BH4KO,[BH3-]O.[K+],69.94,2,1,20.2,3,4.8,-2.7701742391,-2.7694252047,-2.7701742391,-2.7697997219,0.0007490344,train
22218824,C2H3NaO,C[C-]=O.[Na+],66.03,2,0,17.1,4,13.5,-2.889451881,-2.8866013534,-2.889451881,-2.8880266172,0.0028505275999997,train
101059734,CH2KO-,[CH2][O-].[K],69.124,1,0,23.1,3,2.0,-2.6475100703,-2.6424270998,-2.6475100703,-2.64496858505,0.0050829704999997,train
134992350,C2H5BLi,[Li+].[B-]CC,46.8,1,0,0.0,4,6.0,-3.0074768978,-3.0037770987,-3.0074768978,-3.00562699825,0.0036997990999996,train
154169190,KNO,[N-]=O.[K+],69.105,2,0,18.1,3,4.8,-2.4479008633,-2.4453711016,-2.4479008633,-2.44663598245,0.0025297616999999,test
20776120,CHBNNa,[B]N=[CH-].[Na+],60.83,2,0,12.4,4,15.5,-2.6876204337000003,-2.6883163325,-2.6883163325,-2.6879683831000003,0.0006958987999996,train
162403047,C2H5ORb,C[CH-]O.[Rb+],130.53,2,1,20.2,4,6.0,-3.0455924936,-3.0338850118,-3.0455924936,-3.0397387527,0.0117074818000002,train
140354489,CHF2Li,[Li+].[CH-](F)F,58.0,3,0,0.0,4,6.0,-2.5860643553,-2.5874792239,-2.5874792239,-2.5867717896,0.0014148685999999,test
23688916,H2NNaO,N[O-].[Na+],55.012,2,1,49.1,3,4.8,-2.6274041248,-2.6240543587,-2.6274041248,-2.62572924175,0.0033497660999999,train
156024891,CHFILi,[Li+].[CH-](F)I,165.9,2,0,0.0,4,8.0,-2.532690165,-2.5302117994,-2.532690165,-2.5314509822,0.0024783656,train
13132253,CHNaO2,[C-](=O)O.[Na+],68.007,3,1,37.3,4,13.5,-2.7159392364,-2.7124597629,-2.7159392364,-2.7141994996500003,0.0034794735000001,val
11332549,CH2ILi,[Li+].[CH2-]I,147.9,1,0,0.0,3,4.8,-2.5385478043000003,-2.5380917873,-2.5385478043000003,-2.5383197958,0.0004560170000003,train
23718351,CH3BNaO,[B-]OC.[Na+],64.84,2,0,9.2,4,8.0,-2.8333472771,-2.8372432987,-2.8372432987,-2.8352952879,0.0038960216000005,train
23717161,BHNaO,[B-]O.[Na+],50.81,2,1,20.2,3,4.8,-2.5175764272,-2.515796206,-2.5175764272,-2.5166863166,0.0017802211999997,train
10887816,C2H5LiO,[Li+].CO[CH2-],52.0,2,0,9.2,4,6.0,-3.0341373862,-3.0320534078,-3.0341373862,-3.033095397,0.0020839783999999,train
10920438,C2H2LiN,[Li+].[CH2-]C#N,47.0,2,0,23.8,4,32.5,-2.8600393764,-2.8596025089,-2.8600393764,-2.85982094265,0.0004368674999999,train
131664061,CBNNa,[B]=C=[N-].[Na+],59.82,1,0,1.0,4,31.0,-2.6349050187,-2.6169822586,-2.6349050187,-2.62594363865,0.0179227601000002,test
126968433,CH2BNNa,[BH2-]C#N.[Na+],61.84,2,0,23.8,4,34.5,-2.8040292933,-2.7985263719,-2.8040292933,-2.8012778326000003,0.0055029214000001,train
23670141,BrClIRb,Cl[Br-]I.[Rb+],327.73,1,0,0.0,4,8.0,-2.3458007398,-2.3389256322,-2.3458007398,-2.342363186,0.0068751075999999,train
23710048,C2H6BLi,[Li+].[B-](C)C,47.9,1,0,0.0,4,6.0,-3.1073291806,-3.1064455602,-3.1073291806,-3.1068873704,0.0008836204000002,train
18974580,C2H3K,C=[CH-].[K+],66.14,1,0,0.0,3,2.8,-2.7489875945,-2.7482894934,-2.7489875945,-2.7486385439500003,0.0006981010999997,val
71417848,C2H2BLi,[Li+].[B]C=[CH-],43.8,1,0,0.0,4,13.5,-2.7793704673,-2.7802191749,-2.7802191749,-2.7797948211000003,0.0008487075999998,train
161671995,BHNaO2,[B](O)[O-].[Na+],66.81,2,1,43.3,4,6.0,-2.7145659763,-2.7116012225,-2.7145659763,-2.7130835994,0.0029647538000001,train
101102651,CHLiN2,[Li+].C(#N)[NH-],48.0,2,1,24.8,4,32.5,-2.7840175397,-2.7860632287,-2.7860632287,-2.7850403842,0.0020456889999995,train
85789303,C2H4LiN,[Li+].[CH2-]N=C,49.0,2,0,12.4,4,13.5,-2.9926051917,-2.9947246688,-2.9947246688,-2.99366493025,0.0021194770999999,train
11789120,H3N2Na,N[NH-].[Na+],54.027,2,2,27.0,3,2.8,-2.7336821379000003,-2.7228068376,-2.7336821379000003,-2.72824448775,0.0108753003000003,val
153488305,BFNa,[B-]F.[Na+],52.8,2,0,0.0,3,4.8,-2.3910616649,-2.3864073885,-2.3910616649,-2.3887345267,0.0046542764000001,test
10964389,C3H5Li,[Li+].CC=[CH-],48.0,1,0,0.0,4,10.8,-3.0812715576,-3.0832241974,-3.0832241974,-3.0822478775,0.0019526397999998,train
23670966,BrClIRb,Cl[I-]Br.[Rb+],327.73,1,0,0.0,4,8.0,-2.3434045663000003,-2.3398164151,-2.3434045663000003,-2.3416104907,0.0035881512000002,train
10942334,CH3NaO,C[O-].[Na+],54.024,1,0,23.1,3,4.8,-2.7352028325,-2.7350520612,-2.7352028325,-2.73512744685,0.0001507712999995,val
59940102,BKN2,[B]N=[N-].[K+],77.93,2,0,13.4,4,13.5,-2.5925004635,-2.6016918277000003,-2.6016918277000003,-2.5970961456,0.0091913642000003,val
153438324,B2Rb,[B-][B].[Rb+],107.09,1,0,0.0,3,2.8,-2.3553431662,-2.3647717055,-2.3647717055,-2.36005743585,0.0094285392999999,train
15162395,C3H7Na,CC[CH2-].[Na+],66.08,1,0,0.0,4,3.2,-3.2428760209000003,-3.2264134676,-3.2428760209000003,-3.23464474425,0.0164625533000006,train
141177219,CH3LiN2,[Li+].C(=N)[NH-],50.0,2,2,24.9,4,13.5,-2.9298941816,-2.9304704485000004,-2.9304704485000004,-2.93018231505,0.0005762669000004,train
171720340,BrHNNaO,[N-]=BrO.[Na+],133.91,2,1,21.2,4,15.5,-2.5573292785,-2.5467796066,-2.5573292785,-2.55205444255,0.0105496719000002,val
101615927,C2H2NNa,C=C=[N-].[Na+],63.03,1,0,1.0,4,29.0,-2.8600409692,-2.8597504221000003,-2.8600409692,-2.85989569565,0.0002905470999996,test
23564021,CH3KN2,CN=[N-].[K+],82.147,2,0,13.4,4,13.5,-2.891379285,-2.8898693168,-2.891379285,-2.8906243009,0.0015099681999997,train
145797293,CH4KNO,C([NH-])O.[K+],85.147,2,2,21.2,4,8.0,-2.9728214932,-2.9769740319,-2.9769740319,-2.9748977625499995,0.0041525387,val
154083898,C2H6NNa,CN[CH2-].[Na+],67.07,2,1,12.0,4,6.0,-3.139582744,-3.1425834617,-3.1425834617,-3.14108310285,0.0030007176999995,train
168867702,CH2BrLiO,[Li+].[CH-](O)Br,116.9,2,1,20.2,4,8.0,-2.6795245417,-2.6731437996,-2.6795245417,-2.67633417065,0.0063807421000001,val
11789119,C3H5Li,[Li+].C[C-]=C,48.0,1,0,0.0,4,10.8,-3.0828779243000004,-3.079346366,-3.0828779243000004,-3.08111214515,0.0035315583000006,train
20223730,H2NNaO,[NH-]O.[Na+],55.012,2,2,21.2,3,4.8,-2.6135202078,-2.6203764859,-2.6203764859,-2.61694834685,0.0068562781000003,train
129646904,CH3N2Na,[C-](=N)N.[Na+],66.038,2,2,49.9,4,13.5,-2.9209990059,-2.9207457726,-2.9209990059,-2.9208723892500004,0.0002532333,test
23674609,CH6BLi,[Li+].[BH3-]C,35.8,1,0,0.0,3,4.8,-2.9431492753,-2.944861367,-2.944861367,-2.94400532115,0.0017120916999999,train
129836041,C2H3LiO,[Li+].C1[CH-]O1,50.0,2,0,12.5,4,15.5,-2.8619543535000003,-2.8629723779,-2.8629723779,-2.8624633657,0.0010180243999995,train
158529849,H2LiNO2,[Li+].[NH-]OO,55.0,3,2,30.5,4,6.0,-2.7393161507,-2.7411663819,-2.7411663819,-2.7402412663,0.0018502311999997,train
11829362,CHCl2Li,[Li+].[CH-](Cl)Cl,90.9,1,0,0.0,4,6.0,-2.5213241564,-2.5217613861,-2.5217613861,-2.52154277125,0.0004372297000001,test
23676566,KO2,[O-][O].[K+],71.097,1,0,24.1,3,2.8,-2.4080800944000003,-2.4055640173,-2.4080800944000003,-2.40682205585,0.0025160771000001,val
172165965,BHKNO,[B-]=NO.[K+],80.93,3,1,32.6,4,15.5,-2.6521646261000003,-2.6555275624,-2.6555275624,-2.6538460942500004,0.0033629362999998,train
129668209,CH2LiNO,[Li+].[C-](=O)N,51.0,2,1,43.1,4,15.5,-2.8295244413,-2.8295868743,-2.8295868743,-2.8295556578000003,6.24329999996398e-05,train
162457270,BHKN,[B-]=N.[K+],64.93,2,1,23.9,3,4.8,-2.5580827386,-2.5573822812,-2.5580827386,-2.5577325099,0.0007004573999997,val
22606574,C2H4BrLi,[Li+].C[CH-]Br,114.9,1,0,0.0,4,6.0,-2.8623709024,-2.8740248374,-2.8740248374,-2.8681978699,0.011653935,train
11126171,C3H5Li,[Li+].C1C[CH-]1,48.0,1,0,0.0,4,10.8,-3.0741801783,-3.0583941054,-3.0741801783,-3.06628714185,0.0157860728999996,train
23665760,ClNaO,[O-]Cl.[Na+],74.44,1,0,23.1,3,4.8,-2.3598609439,-2.3604721014,-2.3604721014,-2.36016652265,0.0006111574999998,test
